correct,rt
1.0,1.52
1.0,1.12
1.0,0.59
0.0,1.0
1.0,1.3800000000000001
1.0,0.6599999999999999
1.0,0.64
1.0,0.48
1.0,1.56
1.0,0.8
,
1.0,0.49
1.0,1.02
1.0,2.4
1.0,1.03
1.0,0.59
1.0,1.56
1.0,1.07
1.0,1.27
1.0,1.4100000000000001
